<?xml version = '1.0' encoding = 'windows-1252'?>
<weblogic-web-app xmlns:xsi="http://www.w3.org/2001/XMLSchema-instance"
                  xsi:schemaLocation="http://www.bea.com/ns/weblogic/weblogic-web-app http://www.bea.com/ns/weblogic/weblogic-web-app/1.0/weblogic-web-app.xsd"
                  xmlns="http://www.bea.com/ns/weblogic/weblogic-web-app">
  <context-root>WorkManagerWeb</context-root>

  <work-manager>
    <name>myCustomWorkManager</name>

    <max-threads-constraint>
      <name>5MaxThreads</name>
      <count>5</count>
    </max-threads-constraint>

    <capacity>
      <name>7MaxCapacity</name>
      <count>7</count>
    </capacity>

  </work-manager>

</weblogic-web-app>
