<?xml version="1.0" encoding="UTF-8"?>
<weblogic-web-app xmlns="http://www.bea.com/ns/weblogic/weblogic-web-app"
                  xmlns:xsi="http://www.w3.org/2001/XMLSchema-instance"
                  xsi:schemaLocation="http://java.sun.com/xml/ns/javaee http://java.sun.com/xml/ns/javaee/web-app_2_5.xsd http://www.bea.com/ns/weblogic/weblogic-web-app http://www.bea.com/ns/weblogic/weblogic-web-app/1.0/weblogic-web-app.xsd">
  <context-root>ops-ee-rest</context-root>

<!--  <library-ref>
    <library-name>jersey-bundle</library-name>
    <specification-version>1.1.1</specification-version>
    <exact-match>false</exact-match>
  </library-ref>

  <library-ref>
    <library-name>jsr311-api</library-name>
    <specification-version>1.1.1</specification-version>
    <exact-match>false</exact-match>
  </library-ref>

  <library-ref>
    <library-name>jackson-core-asl</library-name>
    <specification-version>1.0</specification-version>
    <exact-match>false</exact-match>
  </library-ref>

  <library-ref>
    <library-name>jackson-jaxrs</library-name>
    <specification-version>1.0</specification-version>
    <exact-match>false</exact-match>
  </library-ref>

  <library-ref>
    <library-name>jackson-mapper-asl</library-name>
    <specification-version>1.0</specification-version>
    <exact-match>false</exact-match>
  </library-ref>-->


  <!--
  <name>jersey-bundle#1.1.1@1.1.5.1</name>
  <name>jackson-core-asl#1.0@1.1.1</name>
  <name>jettison#1.1@1.1</name>
  <name>jackson-jaxrs#1.0@1.1.1</name>
  <name>jackson-mapper-asl#1.0@1.1.1</name>
  -->


  <coherence-cluster-ref>
    <coherence-cluster-name>ops-coherence-cluster-1</coherence-cluster-name>
  </coherence-cluster-ref>



</weblogic-web-app>
